clade,maxN
B1-11,66895.8
B2-11,55717.0
B3-11,52128.0
B4-11,53547.0
B5-11,70404.0
B6-12,52552.0
B6-13,52578.4
B6-14,52070.9
B6-15,51563.5
B6-16,51526.9
B6-21,53658.0
B6-22,51264.8
B6-23,57708.8
B6-31,51779.1
B6-41,51655.4
B6-42,54538.600000000006
B6-51,52073.8
B6-52,51846.8
B6-61,56500.5
B6-62,51871.4
B6-71,69769.5
B6-81,56005.0
B6-82,58095.6
B6-83,53152.4
B6-84,59978.0
B6-85,53820.4
B6-86,56552.200000000004
B6-87,52388.7
B6-91,52545.0
