clade,maxN
B1-11,56819.399999999994
B2-11,55194.0
B3-11,51755.6
B4-11,53210.85
B5-11,64171.75
B6-11,58642.4
B6-12,51685.45
B6-13,51968.6
B6-14,51581.0
B6-15,51316.0
B6-16,51211.9
B6-21,53396.0
B6-22,51176.0
B6-23,57180.2
B6-31,51697.3
B6-41,51508.4
B6-42,54087.15
B6-51,51560.0
B6-52,51468.4
B6-61,56273.25
B6-62,51565.1
B6-71,66291.75
B6-81,55315.0
B6-82,57570.0
B6-83,52150.7
B6-84,59318.899999999994
B6-85,53690.8
B6-86,55739.5
B6-87,51724.0
B6-91,51847.0
